{"cameraMode":{"drawMode":2,"name":"Shaded Wireframe","section":"Shading Mode"},"sceneLighting":true,"audioPlay":false,"sceneViewState":{"m_AlwaysRefresh":false,"showFog":true,"showSkybox":true,"showFlares":true,"showImageEffects":true,"showParticleSystems":true,"showVisualEffectGraphs":true,"m_FxEnabled":true},"in2DMode":false,"pivot":{"x":0.7070176601409912,"y":-19.586082458496095,"z":-4.179358005523682},"rotation":{"x":-0.7528159618377686,"y":-0.0005935234948992729,"z":0.0006806976743973792,"w":-0.6582555174827576},"size":17.274673461914064,"orthographic":false}