{"cameraMode":{"drawMode":2,"name":"Shaded Wireframe","section":"Shading Mode"},"sceneLighting":true,"audioPlay":false,"sceneViewState":{"m_AlwaysRefresh":false,"showFog":true,"showSkybox":true,"showFlares":true,"showImageEffects":true,"showParticleSystems":true,"showVisualEffectGraphs":true,"m_FxEnabled":true},"in2DMode":false,"pivot":{"x":0.1855657398700714,"y":2.9759743213653566,"z":-3.7756147384643556},"rotation":{"x":-0.3186437487602234,"y":0.010520781390368939,"z":-0.0035315558779984714,"w":-0.9478307366371155},"size":2.4073948860168459,"orthographic":false}